Restaurant Name,Average Rating,Average Votes
Talaga Sampireun,4.9,1838.0
AB's Absolute Barbecues,4.85,1575.5
Silantro Fil-Mex,4.85,682.0
AB's - Absolute Barbecues,4.825,3350.0
Naturals Ice Cream,4.800000000000001,1547.0
Gymkhana,4.7,164.0
The Cheesecake Factory,4.65,1505.0
Garota de Ipanema,4.6,29.5
Dishoom,4.6,634.5
Chili's,4.58,1631.2
Coco Bambu,4.550000000000001,23.5
Twigly,4.55,235.5
Natural Ice Cream,4.5,366.0
Onesta,4.5,940.3333333333334
Big Chill,4.475,2713.25
The Big Chill Cakery,4.45,529.5
Burgrill,4.45,213.5
Food Scouts,4.433333333333334,104.0
Matchbox,4.4,607.0
Bombay Brasserie,4.4,992.0
Farzi Cafe,4.366666666666666,1683.0
Barbeque Nation,4.353846153846154,1082.3846153846155
Din Tai Fung,4.35,498.5
The Cafe,4.35,295.0
Underdoggs Sports Bar & Grill,4.35,173.0
Punjab Grill,4.34,1084.8
SpiceKlub,4.300000000000001,1825.5
D�_vero��lu,4.300000000000001,141.5
Palmshore,4.3,742.6666666666666
Effingut Brewerkz,4.3,953.0
Crudo Juicery,4.3,93.5
Stop My Starvation,4.3,104.5
The Fisherman's Wharf,4.266666666666667,340.6666666666667
Big Yellow Door,4.266666666666667,2503.6666666666665
Manohar Dairy And Restaurant,4.25,240.5
Mellow Mushroom,4.25,312.5
Joey's Pizza,4.25,3903.5
The Mad Teapot/The Wishing Chair,4.25,167.0
Perch Wine & Coffee Bar,4.25,332.5
San Carlo,4.25,446.5
Dilli BC,4.25,175.5
Ceviche Tapas Bar & Restaurant,4.25,996.5
Hard Rock Cafe,4.2,1163.6666666666667
Bake N Shake,4.2,148.66666666666666
Whipped,4.2,748.5
Timboo Cafe,4.2,106.5
Caffe 9,4.2,515.0
Mocha,4.185714285714286,444.42857142857144
Chaophraya,4.166666666666667,168.33333333333334
Mamagoto,4.166666666666667,877.6666666666666
Zaffran,4.166666666666667,553.6666666666666
Gazebo,4.166666666666667,426.3333333333333
Olive Bistro,4.15,1854.0
The National,4.15,338.5
Saravana Bhavan,4.133333333333334,2412.6666666666665
Ichiban,4.1,766.5
The Chatter House,4.1,1068.0
Barbeque Ville,4.1,186.0
The Flying Saucer Cafe,4.1,1572.5
Oh! Calcutta,4.1,999.5
SodaBottleOpenerWala,4.066666666666666,1791.3333333333333
Made In Punjab,4.05,958.5
Smoke House Deli,4.05,1146.0
Granite City Food & Brewery,4.05,314.0
Jamie's Italian,4.05,165.75
The Creamery,4.05,207.5
Coldpress Company,4.05,54.0
Midnight Hunger Hub,4.033333333333333,38.0
QD's Restaurant,4.033333333333333,1178.6666666666667
Cafe Delhi Heights,4.033333333333333,903.6666666666666
Pirates of Grill,4.0249999999999995,1772.75
The Barbeque Company,4.0,434.5
Drifters Cafe,4.0,124.0
Asian Haus,4.0,523.0
Cinnabon,4.0,378.5
Delhi Club House,4.0,248.5
The Breakfast Club,4.0,251.0
Dunkin Donuts,4.0,94.0
Biryani By Kilo,4.0,184.33333333333334
10 Downing Street,4.0,335.0
Rhinehart's Oyster Bar,4.0,391.0
La Pino'z Pizza,3.966666666666667,131.33333333333334
Movenpick,3.966666666666667,84.33333333333333
Bikkgane Biryani,3.9666666666666663,627.3333333333334
Truffles,3.95,4841.0
Big Wong XL,3.95,180.5
Bun Intended,3.95,153.75
Sumo Sushi,3.95,45.5
Gung The Palace,3.95,315.0
Pebble Street,3.95,851.5
Smaaash,3.95,371.5
Circus,3.95,359.5
The Crab Shack,3.9499999999999997,556.0
Chili's Grill & Bar,3.9499999999999997,406.5
Wood Box Cafe,3.9499999999999997,1724.5
Krispy Kreme,3.9333333333333336,419.0
Tea Villa Cafe,3.925,1291.75
Imly,3.9,844.5
Dezertfox,3.9,90.5
New Town Cafe - Park Plaza,3.9,202.0
Applebee's,3.9,264.25
Munch Nation,3.9,411.5
Kebab Gali,3.9,272.0
Desi Vibes,3.9,1014.3333333333334
Taco Bell,3.8666666666666667,275.0
Side Wok,3.8666666666666667,291.6666666666667
Zizo,3.8666666666666667,457.0
Naivedyam,3.8666666666666667,827.0
Mr. Brown,3.8666666666666667,95.0
Happy Hakka,3.8600000000000003,294.2
Texas Roadhouse,3.8600000000000003,156.6
Eggers Madhouse,3.85,349.0
Tipu Sultan,3.85,213.5
TGI Friday's,3.85,726.1666666666666
Blue Tokai Coffee Roasters,3.85,139.5
Out Of The Box,3.85,2450.0
Cafe Diva,3.8499999999999996,228.0
Caffe Tonino,3.8499999999999996,802.0
Baker Street,3.8499999999999996,415.5
The Junkyard Cafe,3.8499999999999996,882.5
China Garden,3.8499999999999996,579.5
Raasta,3.8499999999999996,1471.5
Jungle Jamboree,3.8249999999999997,676.25
L'Opera,3.8200000000000003,209.2
Starbucks,3.8055555555555554,396.6111111111111
Goosebumps,3.8000000000000003,129.0
Wok On Fire,3.8000000000000003,180.66666666666666
D�_ner Grill,3.8000000000000003,196.66666666666666
Theos,3.8,264.5
Frozen Factory,3.8,75.5
First Eat,3.8,109.5
Hwealthcafe,3.8,126.0
Instapizza,3.8,281.2
Wendy's,3.8,407.0
HuHot Mongolian Grill,3.766666666666667,206.0
A Piece of Paris,3.75,40.5
The Diet Kitchen,3.75,52.333333333333336
Teddy Boy,3.75,763.5
Anjlika Pastry Shop,3.75,174.5
Baker's Stop,3.75,120.5
Fat Lulu's,3.75,159.5
bu��no,3.75,58.5
Baking Bad,3.75,397.5
Fit Bites,3.75,90.0
Mad Over Donuts,3.7399999999999998,135.2
Puri Bakers,3.725,108.0
FreshMenu,3.725,116.75
Mainland China,3.716666666666667,423.5
Bijoli Grill,3.7,262.5
Manohar Bikkaneri,3.7,72.5
Nooba,3.7,240.5
Chick-fil-A,3.7,96.0
Punjabi By Nature,3.7,1013.0
The Pint Room,3.7,101.5
Paradise,3.7,687.0
Beijing Street,3.7,121.0
Kaveri Restaurant And Caterers,3.7,236.0
Pita Pit,3.7,340.6
Fish Streat,3.7,241.5
Defence Bakery,3.6999999999999997,263.6666666666667
Amici Cafe,3.6999999999999997,632.0
Sibang Bakery,3.6999999999999997,120.0
RollsKing,3.6999999999999997,259.14285714285717
The Chai Story,3.6999999999999997,68.66666666666667
Biryani Art,3.6999999999999997,176.0
The Yellow Chilli,3.6714285714285713,218.0
Biryani Blues,3.6666666666666665,129.33333333333334
The Midnight Heroes,3.66,222.2
Harry's Bar + Cafe,3.6500000000000004,393.5
Shake Square,3.6500000000000004,797.0
Cafe Coffee Day The Square,3.6500000000000004,205.0
Cafe Brown Sugar,3.6500000000000004,275.5
La Americana,3.6500000000000004,90.0
Nanking,3.6500000000000004,284.5
Drool Waffles,3.6500000000000004,118.5
Deez Biryani & Kebabs,3.6500000000000004,383.0
Red Mango,3.6500000000000004,275.0
Nizam's Kathi Kabab,3.65,589.0
Otik Cake Shop,3.65,135.5
Sandwich King,3.65,157.0
Qureshi Kabab Corner,3.65,40.5
Carl's Jr.,3.65,251.5
Town Hall,3.65,599.5
Arabian Nites,3.65,198.5
Sushiya Express,3.6333333333333333,48.0
Haldiram's,3.625,282.8125
Swagath,3.62,363.8
Liquid,3.6,17.5
Bakers Oven,3.6,126.0
Veg Ex,3.6,37.666666666666664
Kati Roll Cottage,3.6,26.5
Arabian Delites,3.6,107.0
Hot Cherries,3.6,100.0
Moti Mahal Delux- Legendary Culinary,3.6,124.5
Wagh Bakri Tea Lounge,3.6,51.0
Mysore Cafe,3.6,145.5
Twisted Tacos,3.5999999999999996,121.0
Suruchi,3.5999999999999996,418.0
Qureshi's Kabab Corner,3.575,186.0
Nutritious Nation,3.55,208.0
Imperfecto,3.55,1273.0
Garam Dharam,3.55,902.5
Kake Di Hatti,3.55,339.0
Laxmi Ice Cream,3.55,59.0
Ashoka Restaurant,3.55,159.0
Perfect Bake,3.55,82.5
Hornbill,3.55,78.0
Little Italy,3.55,113.5
Wai Yu Mun Ching,3.55,216.5
Miam,3.55,27.5
Ashok Meat Wala,3.55,73.0
Captain Grub,3.54,281.6
Chaayos,3.5388888888888888,137.38888888888889
Indian Coffee House,3.533333333333333,603.6666666666666
Khidmat,3.5,370.5
Beliram Degchiwala,3.5,166.5
Hungry Minister,3.5,88.0
The Great Kabab Factory,3.5,519.0
Hunger Strike,3.5,81.0
Mirchievous,3.5,25.0
Gupta Chat Corner,3.5,71.5
Paramjeet Machi Wala,3.5,76.0
New Punjabi Khana,3.5,56.0
Doughlicious,3.5,101.33333333333333
Changezi Chicken,3.5,339.0
Fabulous Cake Bites,3.5,33.5
The Chocolate Room,3.5,107.0
Spice Route,3.5,159.5
ZASTY,3.5,40.0
4700BC Popcorn,3.5,88.0
The Culinary Pitaara,3.5,51.0
Hurry's Paratha,3.5,46.0
Open Oven,3.475,138.25
Hong Kong Express,3.475,127.5
Speedy Chow,3.466666666666667,207.66666666666666
Patiala Shahi,3.45,98.0
Nagpal's,3.45,83.0
Vadapav Junction,3.45,31.0
Midnight Hunger,3.45,27.5
Chokola,3.45,198.5
Moksha,3.45,82.0
Haldiram Bhujiawala,3.45,31.0
Paapi Paet,3.45,159.0
Spooky Sky,3.45,41.0
Prince Chaat Corner,3.45,48.0
Kanha Sweets,3.4499999999999997,82.0
Druk,3.4499999999999997,37.5
Shyam Sweets,3.4499999999999997,104.5
Kanwarji's,3.4333333333333336,77.33333333333333
Cafe Turtle,3.4333333333333336,287.0
Urban Punjab,3.4333333333333336,134.33333333333334
Tikka Junction,3.4333333333333336,50.0
Burger Singh,3.4333333333333336,252.33333333333334
The Coffee Bean & Tea Leaf,3.425,213.75
Cocoberry,3.4222222222222225,62.666666666666664
Angels in my Kitchen,3.4125,155.125
Burger King,3.40625,288.5625
Shawarma King's,3.4000000000000004,71.5
Habibi,3.4000000000000004,165.0
Oberoi's,3.4000000000000004,41.5
Sbarro,3.4,704.0
Hot Stuff,3.4,59.5
Litti.In,3.4,156.0
Chawnsan Chef,3.4,58.5
Baked Buns,3.4,91.0
Sonya Bakery Cafe,3.4,27.0
South Indian Corner,3.4,44.5
Tamura,3.4,91.0
Pasta Hut,3.4,58.0
MR.D - Deliciousness Delivered,3.4,257.5
Little Chef,3.4,106.0
Rollmaal,3.4,239.66666666666666
Jack Po!tato's,3.4,26.0
Havmor Ice Cream,3.3666666666666667,19.0
221 B Baker Street,3.3666666666666667,71.66666666666667
High On Burgers,3.35,76.0
Chalte Firte Momos & Special Foods,3.35,133.5
Weird Time Food,3.35,28.0
The Bake Studio,3.35,49.0
Big Dragon,3.35,94.5
Roti Aur Boti,3.35,28.0
Koyla Kebab,3.35,70.5
Chawla's,3.3499999999999996,92.5
Oh Buoy,3.3499999999999996,52.5
Sethi's The Cake Shop,3.3499999999999996,83.0
Papa Veg Chinese Food,3.3499999999999996,31.0
McDonald's,3.3395833333333336,110.22916666666667
Not Just Paranthas,3.3333333333333335,549.0
Bharat Sweets,3.3333333333333335,21.666666666666668
Nazeer Foods,3.3285714285714287,232.57142857142858
Pizza Hut,3.32,165.36666666666667
Crust N Cakes,3.3,12.0
Bon Bon Pastry Shop,3.3,152.0
Hotel Malabar,3.3,76.5
Spanish Delights,3.3,16.5
Italiano,3.3,337.0
Bhappe Di Hatti,3.3,22.5
Fast Trax,3.3,103.5
Gola Sizzlers,3.3,492.0
Mitthu Tikki Wala,3.3,33.5
Nazeer Delicacies,3.3,92.0
Gopala,3.29,26.4
BTW,3.2857142857142856,142.57142857142858
Kake Da Hotel,3.28,465.4
Punjab Restaurant,3.266666666666667,45.666666666666664
BarShala,3.266666666666667,28.333333333333332
Nawabi Mughlai Zaika,3.25,26.5
Cake Palace,3.25,85.5
Kamal's,3.25,194.5
Kumar Pastry Shop,3.25,39.5
Khalsa Veg Corner,3.25,16.0
Au Bon Pain,3.25,255.5
Vaishno Punjabi Dhaba,3.25,41.0
Embassy,3.25,416.0
Dabba Meat,3.25,112.0
Jahangeer Foods,3.25,94.0
Green Leaf,3.25,110.0
Bhoj Restaurant,3.25,71.5
Yumm Biryani,3.2,93.5
Chaap Point,3.2,17.0
Rajshree,3.2,13.5
Burger Hut,3.2,167.5
Organic Express,3.2,13.5
Colonel's Kababz,3.2,191.5
Moon Bite,3.2,95.0
SGF - Spice Grill Flame,3.2,37.4
Relax Xpress,3.2,50.0
Big Fat Sandwich,3.2,126.5
Chao Cart,3.2,18.0
Bikanervala,3.192857142857143,212.85714285714286
Behrouz Biryani,3.1846153846153844,39.15384615384615
Nite Bites,3.175,126.75
Pudding & Pie,3.1666666666666665,43.0
Cakes & Bakes,3.1666666666666665,30.666666666666668
Berco's,3.1666666666666665,599.3333333333334
True Blue,3.1666666666666665,22.666666666666668
Cook Du Kdu,3.1500000000000004,82.0
JSB Evergreen Snack & Sweets,3.1500000000000004,44.0
Hungry - I,3.1500000000000004,228.5
Bake Club,3.1500000000000004,29.5
Adyar Ananda Bhavan,3.15,203.5
Punjabee's Darbar,3.15,26.5
Bhimsain's Bengali Sweet House,3.15,282.0
Zooby's Kitchen,3.15,26.0
Le Chef,3.15,70.0
Go Kylin,3.15,45.0
Burger Point,3.1454545454545455,52.18181818181818
Nando's,3.1399999999999997,809.0
Dunkin' Donuts,3.1363636363636362,271.54545454545456
Om Sweets & Snacks,3.1333333333333333,212.66666666666666
Shahenshah,3.1333333333333333,24.0
Health Buzzz,3.1333333333333333,13.333333333333334
Punjabi Pakwaan,3.1333333333333333,66.33333333333333
KB's Kulfi & Icecream,3.133333333333333,24.333333333333332
Bawarchi,3.125,21.5
DCK- Dana Choga's Kitchen,3.125,259.25
Rainbows,3.1,28.25
Dilli Darbar,3.1,68.0
Polka Pastry & Snack Bar,3.1,46.333333333333336
Ramesh Vaishno Dhaba,3.1,24.0
Hyderabad House,3.1,37.0
Snack Junction,3.1,18.5
The Mirch Masala,3.1,14.5
Clever Fox Cafe,3.1,25.5
Country Curries,3.1,73.5
Reena Restaurant,3.1,33.0
Kolkata Kathi Roll,3.1,53.0
Chai Point,3.1,155.75
Kolkata Biryani House,3.0999999999999996,256.5
Fresh n Refresh,3.0999999999999996,23.0
Flavours,3.0999999999999996,42.5
Momos House,3.0999999999999996,18.5
Barista,3.0727272727272723,37.04545454545455
Kerala Cafe,3.0666666666666664,71.33333333333333
Roll Club,3.0666666666666664,54.0
Pasta Hub,3.05,11.5
Shamji Sweets,3.05,20.5
Chawla Family Restaurant,3.05,50.5
Hawkers,3.05,212.0
Amritsari Dhaba,3.05,14.0
The Taste,3.05,5.5
Shree Durga Dosa,3.05,31.0
34 Parkstreet Lane,3.05,15.5
Angeethi,3.05,59.0
Mithaas,3.05,102.5
The Dosa King,3.05,42.0
Chawla's Chic Inn,3.033333333333333,51.666666666666664
Hira Sweets,3.033333333333333,46.666666666666664
Tikka Town,3.033333333333333,103.0
Chimney,3.033333333333333,31.666666666666668
Karim's,3.0307692307692307,529.0769230769231
Kebab Xpress,3.025,88.5
The Beer Cafe,3.016666666666667,331.1666666666667
Ram Chinese Food,3.0,16.0
Shree Rathnam,3.0,72.2
Moti Mahal Delux,3.0,73.07142857142857
South Indian Cafe,3.0,30.0
Shree Bikaner Misthan Bhandar,3.0,13.8
Brijwasi Restaurant,3.0,35.5
Halki Aanch,3.0,51.5
The Tandoor,3.0,83.0
Gullu's,3.0,57.0
The Kathis,3.0,61.75
Fluffles - The Fluffy Waffle Co.,3.0,17.0
Yomo-Your Only Momo Outlet,3.0,5.5
Yo! China,2.988888888888889,216.77777777777777
Gelato Vinto,2.975,17.5
Hangchuaa's Chinese Food Corner,2.966666666666667,20.0
Sagar Ratna,2.9631578947368418,212.52631578947367
The Chef,2.95,15.5
The Kitchen,2.95,33.5
The Roll Van,2.95,4.5
Shankar Fast Food,2.95,44.5
Alaturka,2.95,151.0
Gulab,2.95,25.5
Kolkata Hot Kathi Roll,2.95,28.0
Ammu's South Indian Restaurant,2.95,27.5
Al Bake,2.9499999999999997,66.0
Faasos,2.9375,9.625
Flirty Momo's,2.92,17.8
Subway,2.907936507936508,97.2063492063492
Pizza Yum,2.9000000000000004,16.0
Mithaas Sweets,2.9000000000000004,28.0
Garden Hut,2.9000000000000004,10.5
Basil Tree,2.9,263.5
Khan Chicken Biryani,2.9,11.5
Bobby Tikki Wala,2.9,71.5
Jaiveer Naan & Chaap,2.9,44.333333333333336
New Kadimi,2.9,126.0
Sugar & Spice - Le Marche,2.9,87.75
Keventers,2.8705882352941177,37.14705882352941
Tea Halt,2.8666666666666667,39.333333333333336
The Chinese Hut,2.8600000000000003,31.0
Bakingo,2.85,7.5
Wheelyz,2.85,36.5
Chawla's Tandoori Xpress,2.85,60.0
Zaika,2.85,61.25
Zaaika Junction,2.85,40.5
Urban Dhaba,2.85,25.5
Shri Ram Restaurant,2.85,49.0
Ankur Family Restaurant,2.8499999999999996,5.5
Tibb's Frankie,2.8428571428571425,37.142857142857146
Bunty Dhaba,2.8333333333333335,28.0
The Golden Dragon,2.8333333333333335,101.33333333333333
Frontier,2.8285714285714287,8.928571428571429
Nukkadwala,2.82,41.2
Cafe Coffee Day - The Lounge,2.8000000000000003,55.0
Bikano Chat Cafe,2.8,46.5
Bengal Sweet Corner,2.8,96.0
Aggarwal's Sweets Paradise,2.8,12.0
Rolling Beans,2.8,7.0
"34, Chowringhee Lane",2.7916666666666665,64.75
Giani's,2.7818181818181817,52.27272727272727
Breaktym,2.766666666666667,12.333333333333334
Wow! Momo,2.7545454545454544,101.72727272727273
New Zaika,2.75,22.5
Goli Vada Pav No. 1,2.75,91.33333333333333
The Blue Tandoor,2.75,29.5
Oberoi Biryani,2.75,112.5
Raj Restaurant,2.75,51.5
China Hot Pot,2.75,15.5
Pizza Diet,2.75,17.5
KFC,2.7444444444444445,129.5
Domino's Pizza,2.740506329113924,84.0886075949367
Moti Mahal Delux Tandoori Trail,2.733333333333333,83.5
Chinese Hut,2.7285714285714286,37.285714285714285
Slice of Italy,2.728571428571428,196.71428571428572
Momo-Cha,2.725,31.0
Nathu's Sweets,2.7199999999999998,200.6
Southy,2.716666666666667,107.16666666666667
Evergreen Sweets,2.7,15.0
Night Food Xprs,2.7,63.5
Say Cheese,2.7,96.0
Muffins,2.7,61.0
Singz,2.7,51.5
China Hut,2.7,17.0
Pandey Chinese Hut,2.7,25.0
Bats On Delivery,2.6999999999999997,36.0
Giani,2.689655172413793,29.448275862068964
Green Chick Chop,2.6725490196078434,18.901960784313726
Pizza Hut Delivery,2.6578947368421053,80.36842105263158
Metro Fast Food,2.6500000000000004,21.5
GoGourmet,2.6500000000000004,24.75
Nirula's,2.65,119.5
Bikaner's,2.65,7.5
Pind Balluchi,2.63,279.1
Madhuvan Chinese Fast Food,2.6,42.0
Americana Kitchen and Bar,2.5999999999999996,163.0
Kamboj's,2.5999999999999996,157.5
Mr. Sub,2.5833333333333335,36.166666666666664
Wrapss,2.566666666666667,85.0
Chowringhee,2.5625,98.125
Punjabi Tadka,2.55,22.75
Chutneez Restaurant Lounge & Bar,2.55,128.0
Anupam Sweets,2.55,14.5
Foodhall,2.533333333333333,47.666666666666664
Captain Bill$ Deliverz,2.533333333333333,91.0
Ovenstory Pizza,2.5,12.5
Chinese King,2.5,38.5
Red Chilli,2.5,49.4
Khan Chacha,2.4714285714285715,658.5714285714286
Republic of Chicken,2.4222222222222225,13.0
Cafe Coffee Day,2.419277108433735,29.253012048192772
Sanjha Chulha,2.4166666666666665,66.33333333333333
Costa Coffee,2.415,43.05
Nirula's Ice Cream,2.4000000000000004,13.0
Sandoz,2.4,45.0
WTF - World's Tastiest Food,2.4,13.0
Public Cafe,2.4,26.75
Viva Hyderabad,2.38,48.6
Chaska,2.375,55.0
Grillz,2.35,52.0
Punjabi Zaika,2.35,55.75
Biryaniwala,2.35,47.0
Punjabi Chaap Corner,2.35,27.625
Comesum,2.35,150.0
Wah Ji Wah,2.3421052631578947,54.0
Sri Balaji,2.3333333333333335,51.666666666666664
Chicago Pizza,2.3249999999999997,52.75
Punjabi's Veg Grill,2.3,6.25
Chawla's�_,2.2714285714285714,52.0
Chawla's Tandoori Junction,2.2666666666666666,65.0
Kings Kulfi,2.2666666666666666,13.666666666666666
Da Pizza Corner,2.2600000000000002,4.6
Flying Cakes,2.2333333333333334,68.33333333333333
Punjabi Dhaba,2.1999999999999997,35.666666666666664
Finger Licious,2.1999999999999997,108.33333333333333
Pizza Station,2.1666666666666665,9.333333333333334
Twenty Four Seven,2.1473684210526316,14.736842105263158
Mitra Da Dhaba,2.1,91.0
Taste of India,2.1,93.0
Pakwan,2.075,31.5
Hot Pot,2.075,58.0
Shawarma Wala,2.066666666666667,85.0
Super Cake Shop,2.05,5.0
Black Pepper,2.05,111.5
Pho King Awesome,2.05,127.0
Los Agaves,2.05,80.0
Hasty Tasty,2.033333333333333,33.0
China Town,2.0285714285714285,9.714285714285714
Chinese Food,2.0,7.0
The Artful Baker,2.0,110.0
Muradabadi Shahi Biryani & Chicken Corner,1.9666666666666668,30.666666666666668
New Madras Cafe,1.9666666666666668,15.666666666666666
All About Food,1.95,152.5
Apni Rasoi,1.9416666666666667,40.75
Street Foods by Punjab Grill,1.9333333333333336,26.333333333333332
Madras Cafe,1.9181818181818182,35.36363636363637
Kulcha King,1.9,85.0
Metro Dhaba,1.9,209.5
Baskin Robbins,1.8607142857142858,15.285714285714286
Khana Khazana,1.85,140.5
Senorita's,1.85,30.0
Cones & Curries,1.85,76.5
Tea Trails,1.85,29.0
Caff�� La Poya,1.85,82.0
The Belgian Fries Company,1.85,16.0
Standard Sweets,1.8,16.0
Green Restaurant,1.8,23.5
Faaso's,1.8,17.0
Crazy Noodles,1.8,254.5
Biryani Vice,1.8,9.5
Papa Buns,1.8,13.0
Food Express,1.8,64.0
Invitation,1.8,230.0
Wah G Wah,1.7666666666666668,15.333333333333334
Konetto Pizza,1.75,16.0
South Cafe,1.75,48.0
Burger Joint,1.75,82.5
Mom's Kitchen,1.75,14.0
Sadda Adda,1.75,12.0
Aureo Dine & Bake House,1.75,185.0
Cake Point,1.7399999999999998,9.8
Aggarwal Sweets India,1.7333333333333332,20.333333333333332
Sardar A Pure Meat Shop,1.7222222222222223,12.444444444444445
Chawla's 2,1.7000000000000002,29.0
Aggarwal Sweet India,1.7,7.0
Riyaz Chicken Corner,1.7,37.5
The China Town,1.7,13.5
Juice Lounge,1.7,13.0
Roll Corner,1.65,7.0
Pitstop,1.65,43.5
Cake 24x7,1.65,13.5
The Cake Shop,1.65,22.0
Amar Bakery,1.65,6.5
Raj Rasoi,1.65,38.0
EDC Mania,1.65,20.5
Tandoori Tadka,1.65,9.0
Kathi Junction,1.625,43.5
Burger Xpress,1.625,29.0
Pastry Palace,1.6,6.5
The Pirates Of China Town,1.6,8.5
Dilli Rasoi,1.6,15.5
Chennai Express,1.6,7.5
Chai Mantra,1.6,9.0
Bikaner Kesarvala,1.6,13.0
Dosa Plaza,1.6,7.5
KC Bakers,1.6,7.0
Choco Kraft,1.6,7.0
South Indian Hut,1.575,10.75
Baba Chicken Ludhiana Wale,1.55,3.5
Wild Chef House,1.55,7.0
Hunger's Hub,1.55,8.0
Grover Sweets,1.55,5.0
Sagar Dhaba,1.55,14.5
Chai Thela,1.55,5.5
Super Snacks,1.55,22.0
BonJuz,1.55,4.0
Mogambo Kitchen,1.55,4.5
Aapki Rasoi,1.525,8.5
Flavors Of London,1.5,4.0
Mr. Baker's,1.5,11.5
Lazeez Restaurant,1.5,6.0
Magic Masala,1.5,6.0
Syall Kotian Da Dhaba,1.5,10.0
U Like,1.5,9.5
Zaika Kathi Rolls,1.5,8.0
Desi Tadka,1.5,3.0
Habibi Express,1.5,59.0
Jain Restaurant,1.5,3.5
Madras Coffee House,1.5,2.5
Shalimar Vyanjan,1.5,4.5
Adarsh Kulfi,1.5,5.0
VadaPav 'n' Frankie,1.5,2.5
Rasoi,1.5,3.5
Chawlas 2,1.5,14.0
Yo! Dimsum,1.5,5.5
Food Factory,1.5,7.5
Aggarwal Sweet & Bakers,1.45,2.5
Snacks Point,1.45,2.5
Al Zaika,1.45,4.5
Mother's Kitchen,1.45,3.0
Cafe Buddy's,1.45,3.0
Aggarwal Bikaneri Sweets,1.45,5.5
Hot & Spicy,1.45,2.0
Fresh Meat CO,1.45,2.0
Delight Express,1.45,4.0
Aggarwal Sweets Centre,1.45,2.5
Chauhan Hotel,1.45,5.5
The Night Owl,1.4,26.0
6 Pack Momos,1.4,4.0
Green Chilli,1.4,9.5
Dana Pani,1.4,2.0
Royale Bakers,1.4,9.0
Madras Dosa & Chinese,1.35,45.5
Mr. Momo,1.35,9.5
Delhi Biryani Hut,1.35,4.5
Puja Sandwich House,1.35,8.5
Snack Shack,1.35,7.5
Brown Town,1.35,6.5
Aggarwal Sweets & Restaurant,1.35,5.5
Night Food Delivery,1.35,3.5
Balaji Dhaba,1.35,7.0
Bikaner Sweets,1.3384615384615384,6.769230769230769
Vaishno Rasoi,1.3,13.0
Kitchen King,1.3,27.5
Gupta Ji Ka Dhaba,1.3,24.5
Hot Joint Fast Food,1.3,30.5
Mahi Rasoi,1.3,17.0
Dilli Light,1.3,8.0
Let's Noodle,1.3,91.0
Niti Shake & Ice Cream Hub,1.2666666666666666,8.333333333333334
Aggarwal Sweet Corner,1.26,8.2
Punjabi Rasoi,1.25,34.5
Chinese Corner,1.24,79.6
Pandit Ji Ki Apni Rasoi,1.2,3.0
Tandoori Junction,1.2,6.5
Just Vada Pav,1.2,32.333333333333336
Shama Chicken Corner,1.0777777777777777,7.666666666666667
Food Plaza,1.0666666666666667,8.0
Joost Juice Bar,1.0666666666666667,3.3333333333333335
Aggarwal Bikaner Sweets,1.0,3.3333333333333335
Amul Ice-Cream Parlour,1.0,1.6666666666666667
Tpot,0.9714285714285715,6.142857142857143
The Chaiwalas,0.9666666666666667,3.0
Dolce Gelato,0.8857142857142858,2.5714285714285716
Chinese Food Corner,0.8333333333333334,6.666666666666667
Aggarwal Sweets,0.7928571428571428,2.7857142857142856
Mx Corn,0.775,2.5
Kwality Wall's Swirl's,0.75,1.5
Chai Garam,0.725,2.25
Bikaner Sweets & Restaurant,0.5166666666666667,1.8333333333333333
Bikaner Rasoi,0.0,0.5
Flavours Kitchen,0.0,1.5
Aap Ki Khatir,0.0,0.0
Night Munchers,0.0,0.5
Kake Da Dhaba,0.0,1.0
Street Cafe,0.0,0.0
Whatslife.in,0.0,0.0
Essen Foods,0.0,0.5
Special Chicken Biryani,0.0,0.5
Big Biryani,0.0,0.5
Bake Walkers,0.0,0.0
Kesarwa Bakez,0.0,1.5
Green Valley Chinese Food,0.0,0.0
Ghar Ka Khana,0.0,0.5
Foodies,0.0,0.0
Pizza Hub,0.0,2.3333333333333335
The Square Meal,0.0,0.5
Maggi Point,0.0,1.0
Garam Masala,0.0,0.0
Bikaner Misthan Bhandar,0.0,0.0
Riyaz Biryani Corner,0.0,1.0
Rajdhani Restaurant,0.0,0.0
Singh Chicken,0.0,1.5
Biryani Bot,0.0,1.5
Delhi Chaat Bhandar,0.0,0.5
Bikaner Sweets & Bakers,0.0,1.0
Lasha Chinese Food,0.0,1.5
Chilli Tadka,0.0,1.5
Da Pizza Zone,0.0,1.0
The Big Scoop,0.0,0.0
Chinese Fast Food,0.0,0.0
Biryani Express,0.0,0.5
Radha Swami Shudh Vaishno Dhaba,0.0,2.0
Murliwala Bakers,0.0,0.0
OCD - Online Cake Delivery,0.0,1.0
Yadav Sweets,0.0,1.0
Golden Bakery,0.0,1.0
Anand Sweets,0.0,1.5
Soya Bite's,0.0,1.0
Aggarwal Sweet Centre,0.0,2.0
Jyoti Sweets,0.0,0.0
Royal Spice,0.0,0.5
Chinese Hot,0.0,0.5
Punjabi Chicken,0.0,1.5
Firangi Bake,0.0,0.0
Pizza King,0.0,0.5
Pizza Day,0.0,2.0
Meatwale.com,0.0,1.0
Kettle & Kegs,0.0,1.0
Dev Food,0.0,0.0
D Food,0.0,1.5
Rasoi - The Indian Zaika,0.0,1.0
